ds,yhat,yhat_lower,yhat_upper
2014-01-01,82.06992683746572,1.1495466196225432,162.81781240175815
2014-01-02,63.04558060633566,-17.130018688891557,148.72178550302107
2014-01-03,71.90545142857341,-12.861854683895368,156.5626269258739
2014-01-04,120.99933754129883,40.8324995842391,203.67506329966432
2014-01-05,73.83805605347598,-8.431916838608593,160.5836444318697
2014-01-06,44.51038857439859,-36.18240852739615,128.23638912287916
2014-01-07,41.631331313451675,-44.732007375383496,129.97516227140838
2014-01-08,66.12247154076076,-20.29429519343223,144.15924249151422
2014-01-09,51.753932650024886,-30.30999526822571,133.22773085661166
2014-01-10,65.58978481317985,-19.49431595931418,156.167634684162
2014-01-11,119.86766942074978,38.992907241763774,200.56613636620094
2014-01-12,77.98200356403362,-12.693704299896815,162.06135021264936
2014-01-13,53.90346504689745,-28.940419358024844,137.51150553820395
2014-01-14,56.12979976917126,-31.48078275667699,135.66429868609538
2014-01-15,85.46871767040965,6.81250923771844,163.78962672550713
2014-01-16,75.58226521403597,-10.346994171131113,155.92968275821335
2014-01-18,151.17330616200104,63.695266508497625,232.00795553585172
2014-01-19,112.11525851651247,29.94937702707629,200.875147861773
2014-01-20,90.16689024444499,5.041920211358745,179.40048638277648
2014-01-21,93.77668288683196,12.644839930509118,175.3540466084389
2014-01-22,123.7189357027313,33.282871322008226,210.98126534929392
2014-01-23,113.63874711375229,29.379025212587567,199.58574415901722
2014-01-24,130.49996411580102,49.52965405428979,207.59988197240398
2014-01-25,186.4667984096024,102.07209052898216,274.8312272777332
2014-01-26,144.88843844056464,59.89876684714715,228.77432218354906
2014-01-27,119.71933375826184,37.09027185953907,203.73202938038034
2014-01-28,119.4701828021395,36.703174274342395,206.8352367836845
2014-01-29,144.99039293518547,64.7328336912136,235.61740665557014
2014-01-30,130.01141646584853,43.46974853881068,216.28785596698782
2014-01-31,141.59283636030756,62.58663668847122,231.39768964167058
2014-02-01,192.0019420712752,110.1121987843137,277.51370229277944
2014-02-02,144.69616947904598,60.53791402110258,225.3569455649093
2014-02-03,113.7411281738828,29.741546645508787,195.42977439058816
2014-02-04,107.75929538394084,25.378548972460667,195.59717063183075
2014-02-05,127.71019325320293,45.05473319353398,215.71643188059667
2014-02-06,107.43150043628808,25.390362895584662,194.44564748920476
2014-02-07,114.08301691386771,30.8047607124156,197.6825067991372
2014-02-08,160.02426485286958,79.28048970879884,251.64337055362262
2014-02-09,108.79513823782655,28.51202773259432,193.45625172666178
2014-02-12,83.95285101899101,-4.238276554294192,167.58285493069363
2014-02-13,62.50829133863374,-17.749350710274378,148.57046060577085
2014-02-14,68.75827381317009,-17.092127889864706,152.6945854360024
2014-02-15,115.0625349452074,35.67098709072984,196.39639736040482
2014-02-16,64.94624673922257,-19.57094593445773,146.70011206024273
2014-02-17,32.51692630141587,-51.00452082948823,118.11336652257062
2014-02-18,26.4125463888468,-58.549921009430726,114.72789292289559
2014-02-19,47.581669006515895,-36.03997606816825,128.0500549619832
2014-02-20,29.825047100943102,-60.19829663744232,113.34832675207694
2014-02-21,40.24059673558907,-40.77238822721797,124.64354406815438
2014-02-22,91.10249582449778,4.450430317526348,178.76914519365582
2014-02-23,45.84378589414202,-35.46373518972599,131.56690251722372
2014-02-24,18.475189685668838,-67.58677689472715,100.964956547579
2014-02-25,17.535200574399624,-66.59154961426667,101.04316477080668
2014-02-26,43.87222562234827,-29.258172418834477,130.74430645550441
2014-02-27,31.188186964056158,-53.05502161785429,111.59103413210377
2014-02-28,46.485444294859974,-36.565070047199335,132.18482336046893
2014-03-01,101.94775640420536,13.145262683891968,181.68922859307372
2014-03-02,60.92462229799307,-21.61317886614813,150.93564987996552
2014-03-03,37.351681655385164,-45.49387098088363,117.9143934818864
2014-03-05,68.7704017664162,-8.856521369234072,153.41670990021674
2014-03-06,58.216013816331845,-23.07985333056095,141.1290675921896
2014-03-07,75.01190065577583,-8.438430181257866,165.06793237189416
2014-03-08,131.3254630526297,48.07960766916437,218.33234195597984
2014-03-09,90.50315520306648,4.494384697280768,168.84526233451797
2014-03-10,66.49079239028632,-12.211646675827547,151.9110961444222
2014-03-11,67.78468069447706,-15.446412490734067,154.4142216899335
2014-03-12,95.21433430103548,4.646550942595922,179.32795623361164
2014-03-13,82.48617810357395,-1.0383187975062773,165.7448690831956
2014-03-14,96.63010068946,13.12886716381997,182.5724086032677
2014-03-16,105.65479267003464,23.559990650210956,189.6761435122252
2014-03-17,77.98126537209056,-3.220499030921153,160.33719390093106
2014-03-18,75.43938151671368,-9.90069786054668,159.71288825092313
2014-03-19,98.94529278090505,21.711097923334105,186.1189232965151
2014-03-20,82.2928190011028,-4.4300913439090746,165.70396361176
2014-03-21,92.59818768381174,12.071595278312863,171.25189988769674
2014-03-22,142.17838591106462,59.21765096840883,222.9329800963085
2014-03-23,94.53252099665681,11.951437827805494,179.83545283463812
2014-03-24,63.75893244716709,-18.762130344294658,150.38414822590033
2014-03-25,58.50315014049209,-28.65459946794137,138.42450586218052
2014-03-26,79.73752782287153,-2.1388123727332413,164.99042310422408
2014-03-27,61.30201125467431,-21.781022203508464,137.38394581216875
2014-03-28,70.34796460517657,-10.417452114015454,148.73700016867664
2014-03-29,119.21583882128482,39.97292036846233,201.4849209066481
2014-03-30,71.4160918858791,-12.064312953863457,157.97145100564526
2014-03-31,41.04611226931929,-46.97964716228442,123.96781453209742
2014-04-01,36.73824424100771,-44.10017941339645,122.77696370019008
2014-04-02,59.43974279722197,-23.296855532770216,140.7043815933781
2014-04-03,42.954111104789746,-39.52100120170535,125.29552085554703
2014-04-04,54.385732638814375,-28.94290921622608,137.69649007609934
2014-04-05,106.0185655183267,20.06526304630562,188.83535937136386
2014-04-06,61.29828823692519,-24.19998754012955,145.65166378544268
2014-04-07,34.25062332665056,-48.883064506945914,121.27158539400831
2014-04-08,33.43090870314609,-51.522376077076544,115.86442339684534
2014-04-09,59.70571366586409,-27.62037370043434,134.31208201743195
2014-04-10,46.79591749425543,-36.84428478754696,134.8248877099095
2014-04-11,61.72312727696508,-21.666492109158238,142.40136676218194
2014-04-12,116.69016531050332,30.27905473955852,194.82545966037856
2014-04-13,75.06497780159575,-11.831892532832523,160.11361820627297
2014-04-14,50.800654247107644,-33.46581284946154,134.75416719634617
2014-04-15,52.38659172311936,-28.79907634058775,138.4929340002215
2014-04-16,80.63156618397883,-4.530258041284443,163.11573019938118
2014-04-17,69.20809813610899,-18.857793626134356,158.2301305542607
2014-04-18,85.09996079132978,1.2340479048538948,171.25504435528185
2014-04-19,140.48353693097317,54.88013797930803,231.67795206380967
2014-04-20,98.71235649222665,15.234089562609801,176.83195838798306
2014-04-21,73.73748946571098,-15.73172937269698,160.60530567782618
2014-04-22,74.05881884514525,-5.890103749358808,158.09525858880016
2014-04-23,100.50795179984652,16.193678250008062,184.11648418417414
2014-04-24,86.79215820256408,5.102346155734635,172.55820304978323
2014-04-25,99.94119211632743,11.728362848797502,183.65347591881087
2014-04-26,152.1877155949948,66.58870165970418,242.71284087290135
2014-04-27,106.95067534564963,19.583734148749105,186.069893455765
2014-04-28,78.25433044185525,-8.339007524918136,165.32896948066718
2014-04-29,74.67798404642949,-10.842051628038938,155.3884811949963
2014-04-30,97.13720957560508,10.260073137453967,185.73709180052253
2014-05-01,79.42599609489258,-5.688719753672251,164.9745670881363
2014-05-02,88.66170684705376,0.8250549548542627,168.99794636418875
2014-05-03,137.16361040210808,56.67615011570644,222.51991685668196
2014-05-04,88.43437607951428,-4.991929345393701,164.97472976659304
2014-05-05,56.57727300195553,-25.422659015848023,137.99296290934583
2014-05-06,50.244166073447715,-37.85236766149036,138.58293588251155
2014-05-07,70.41513842755349,-8.779351574615232,150.8543926633697
2014-05-08,50.939198448148574,-34.29716345302516,140.113401250168
2014-05-09,58.97800307102185,-29.119871478389744,136.52567081683955
2014-05-10,106.88337985065567,20.117142969004785,190.8607256852111
2014-05-11,58.1780654918711,-31.349968034202043,133.75677691112364
2014-05-12,26.972417619666828,-53.654783363965336,106.34863126525632
2014-05-13,21.91220509512459,-63.386143312091455,104.24308491534843
2014-05-14,43.95831167925345,-39.81257704489804,128.4940890780068
2014-05-15,26.927813147388896,-56.41125616379889,114.26812078853119
2014-05-16,37.93834715866347,-45.80018195266493,125.88123878951345
2014-05-17,89.28655020006629,5.528309609003918,172.99515270060064
2014-05-18,44.42995710774666,-43.2346221772794,129.47053407548492
2014-05-19,17.40509522489809,-62.646409771857584,101.43246361421359
2014-05-20,16.776848120490484,-70.62608675653514,96.89068177804369
2014-05-21,43.41988880356363,-41.85766718701979,129.37967114389085
2014-05-22,31.06160396555719,-54.77812425252978,114.57157122060684
2014-05-23,46.728387154778574,-36.179308837507115,135.30538393565757
2014-05-24,102.62603192074293,20.35122607460022,183.14738845171658
2014-05-25,62.123576258090374,-27.349729237705137,143.30312435225568
2014-05-26,39.17328638113835,-46.90020277554049,122.04548844454628
2014-05-27,42.261811902258245,-43.37718985991924,129.16285320265376
2014-05-28,72.19327167664858,-12.656566400067344,161.59142639116124
2014-05-29,62.63365433517621,-20.550738282388377,146.35151969167674
2014-05-30,80.55837794624911,-1.5210525038286817,167.01208878709335
2014-05-31,138.1337112411342,60.12966954549914,221.56891281797994
2014-06-01,98.70138468097953,13.689795773726265,180.04153205302836
2014-06-02,76.19906247296424,-5.715493410293254,165.3024641835663
2014-06-03,79.11169721240653,-15.731120392383707,166.09044108389068
2014-06-04,108.25452283404125,31.22133186388678,195.3493844590206
2014-06-05,97.31707321460706,16.146303451479906,175.51219606910357
2014-06-06,113.31044298770189,33.70791959915881,199.46842751210033
2014-06-07,168.44669996819624,75.9454237011505,252.15032776067434
2014-06-08,126.12342004549348,42.74585241596259,207.73901871757874
2014-06-09,100.34242467752327,14.412804447648353,179.33658377929106
2014-06-10,99.65958606599307,17.41910243641518,183.06164539909855
2014-06-11,124.9661314879161,36.909638789200336,205.30316792984536
2014-06-12,110.03087510518932,27.944608344715057,193.50564684693566
2014-06-13,121.94527506656796,31.867031428909097,207.33092821028836
2014-06-14,173.0020794783108,86.61297962807933,258.5239070461854
2014-06-15,126.67695694991328,46.83623549764726,214.5153565420261
2014-06-16,97.04585488581378,13.655770980157241,187.94522866174694
2014-06-17,92.73318213871713,15.82088688634595,178.97022767335713
2014-06-18,114.69164768244536,34.58258620761444,199.72496025838137
2014-06-19,96.7432177908954,9.754421003029774,183.79990503953664
2014-06-20,106.02311879572322,19.626643212649405,182.71682930860064
2014-06-21,154.85767263327358,72.44879843467425,240.78362138420934
2014-06-22,106.74537832001934,26.40747305802325,186.9364964715803
2014-06-23,75.77399333260351,-3.6619996992521515,158.7318584173177
2014-06-24,70.56871543436596,-14.078232029511508,157.6161590796775
2014-06-25,92.07229357520455,6.909364779558935,171.15768426199566
2014-06-26,74.08652046140557,-8.02468498862834,154.96339789601794
2014-06-27,83.71701738834204,5.092526831976703,170.13983275998575
2014-06-28,133.25207593410371,48.2745400595268,219.8158461139381
2014-06-29,86.14494148625157,3.652368429114294,170.67778009294406
2014-06-30,56.4322596213339,-30.042327910708455,141.5006555902031
2014-07-01,52.683748982575835,-32.846861332331166,132.51350707803655
2014-07-02,75.78388942225683,-11.501955796516402,157.44692352013516
2014-07-03,59.47503621500734,-26.257684799765002,138.77266456108072
2014-07-04,70.80382831687393,-11.501117845358698,158.4530878152575
2014-07-05,122.00161291735859,36.95350816790298,204.0384120196512
2014-07-06,76.50795573003681,-2.8771000544866725,165.36536410421598
2014-07-07,48.27129233558871,-37.60300055894926,132.04136384854752
2014-07-08,45.81900349447956,-32.63086687839875,129.46623307320587
2014-07-09,70.00041810475548,-9.815189009636722,152.20323002083236
2014-07-10,54.53075618671289,-26.20353361710972,138.58902635181755
2014-07-11,66.4381346237066,-20.53439458850913,152.34579738055956
2014-07-12,117.94434438131447,35.29513630846165,203.4703546368783
2014-07-13,72.44873631323377,-15.917512419293379,153.473733352311
2014-07-14,43.94789790707382,-38.389149068982825,130.64449332847877
2014-07-15,40.98615615423715,-50.51319224820144,122.83736279799335
2014-07-16,64.43767771935956,-15.754982900635635,146.5127596247902
2014-07-17,48.049570935321555,-33.2771028281784,136.45952837968784
2014-07-18,58.88786271131086,-24.060813625337104,139.52624385105045
2014-07-19,109.21708893196222,25.610455369415984,190.92750531541418
2014-07-20,62.48286939487461,-19.722068738735416,147.12743601222638
2014-07-21,32.73018675693469,-48.89260659696476,113.41699693511679
2014-07-22,28.552443922224832,-55.25427712045494,112.86108966845073
2014-07-23,50.87211138022788,-33.61775250020247,133.71620728000994
2014-07-24,33.48240931993502,-48.917061581134185,118.39033211948365
2014-07-25,43.49193678967515,-43.0846511339221,120.16203459755538
2014-07-26,93.20302346989227,8.627690515740817,181.97796639070125
2014-07-27,46.093208913124116,-33.8485843881784,130.55616841394612
2014-07-28,16.232598415791323,-65.0357277955774,99.46415517924788
2014-07-29,12.232194751342561,-65.6631418482523,94.8327317582666
2014-07-30,35.02403649719865,-49.706726860910116,107.7572128837002
2014-07-31,18.40260092439383,-66.34905481882053,104.39418612586864
2014-08-01,29.469390435810396,-53.06150412991885,112.79281616089378
2014-08-02,80.51147824603574,-6.920818464125449,165.2816531748341
2014-08-03,34.98341170224987,-45.53598684089474,118.6268294034482
2014-08-04,6.9986189240457435,-74.4465267579661,88.3455300745082
2014-08-05,5.058352370990967,-73.82501304303386,98.32065792727549
2014-08-06,30.05306928258917,-53.6432910082824,114.27229777834549
2014-08-07,15.73158429751011,-69.45492397627565,97.35595936410316
2014-08-08,29.14692691950563,-53.98126967371184,108.71596791038026
2014-08-09,82.53623403580963,1.7067589911715852,167.34705272992417
2014-08-10,39.30403772205892,-49.84761643851144,127.99555368571241
2014-08-11,13.441645534075072,-70.6424814710389,91.9288690695902
2014-08-12,13.477654667294757,-67.67963081194202,95.81168843655577
2014-08-13,40.26036861320257,-41.89983592254252,123.74902956096847
2014-08-14,27.50150966533233,-57.34133051067648,118.36046067370461
2014-08-15,42.22308094439575,-45.30885190348806,122.07687379294423
2014-08-16,96.63808944394614,12.797553504449514,180.679069846918
2014-08-17,54.13446723357547,-27.166788652293036,141.0482546330876
2014-08-18,28.694870518896387,-52.313895041308946,111.82724926887101
2014-08-19,28.84738653682689,-59.21424601717013,115.71301670736662
2014-08-20,55.44791192295649,-30.583360536792913,139.9448751740949
2014-08-21,42.22359746581307,-41.76255366938149,129.52057027576896
2014-08-22,56.219220988087656,-27.47173070426781,138.76592784953698
2014-08-23,109.67721421679545,25.578329761081026,190.57606824885605
2014-08-24,66.02070101485134,-22.790997185352225,144.191661822719
2014-08-26,38.00341726914837,-47.41616624413911,124.53464423807984
2014-08-27,63.11582998111776,-19.445880543315607,147.88242287232214
2014-08-28,48.383320352450895,-29.57476126299131,127.99164977179345
2014-08-29,60.89693228450269,-22.408740226247865,145.06147349612402
2014-08-30,112.9436123511168,26.50192124379235,191.6605589289058
2014-08-31,67.9879655828814,-10.237333900087737,149.9879914050893
2014-09-01,40.08982062782421,-38.365876190644975,118.09009353936781
2014-09-02,37.85269891493449,-42.56139375077253,123.00406094503916
2014-09-03,62.20401624729196,-15.945597237134855,144.517210814153
2014-09-04,46.94880614255849,-38.1887246456297,127.4657918410518
2014-09-05,59.17722972671308,-21.632491639147283,141.22635218669842
2014-09-06,111.1799654795436,27.492047269182127,189.33209349062707
2014-09-07,66.41757075064689,-18.10625701180001,153.4603260533363
2014-09-08,38.938216271289605,-43.099535294729904,120.6113027066964
2014-09-09,37.326552606275555,-42.659444142561306,124.10261450068172
2014-09-10,62.484525994463596,-15.394750462152734,141.48327827902543
2014-09-11,48.17358427211549,-36.038457740519085,126.27537276296407
2014-09-12,61.46017103265709,-26.55639135965216,141.6610428250579
2014-09-13,114.59525984151063,24.256554680194068,203.30431882934008
2014-09-14,70.99730060362072,-18.899390078548375,153.50915702242563
2014-09-15,44.67128636206537,-40.380750105400615,128.36035080782858
2014-09-16,44.15899182801892,-33.34954107975658,129.2228925759733
2014-09-17,70.32116071843569,-13.06328095126257,149.32745537903494
2014-09-18,56.88104192807139,-28.50195495509487,137.41414725917357
2014-09-19,70.87113289972272,-7.8126436201732705,159.2978576805604
2014-09-20,124.51384422744346,52.70659077146904,207.5081891652861
2014-09-21,81.2054229186857,-1.8506051603549458,162.2166151856636
2014-09-22,54.935812031343524,-29.984153398535256,141.52023256738983
2014-09-23,54.239472456514676,-32.45123200486925,136.2405995859472
2014-09-24,79.97792417673354,-0.0505931416959684,158.50627233794447
2014-09-25,65.88339369800916,-18.943829736445696,141.07152173555036
2014-09-26,79.00541952717838,-6.319278384757864,157.58118983444217
2014-09-27,131.59113034505737,48.3562479022499,215.4741772774036
2014-09-28,87.06854105954594,5.823979249551185,173.56648927403504
2014-09-29,59.46555922793528,-24.588243867990737,143.54219132520325
2014-09-30,57.35974905182751,-24.189220345832787,139.6824703651761
2014-10-01,81.65963784698161,0.3947607850601592,166.87947329918362
2014-10-02,66.14698468316263,-13.89948371281029,150.69675223417735
2014-10-03,77.92190063068942,-9.474842929819506,160.10855667270263
2014-10-04,129.29112105784688,43.06933618363788,217.86342176609924
2014-10-05,83.72109542560068,0.9150411469847431,160.38928462085855
2014-10-06,55.284078589576104,-28.09783547381185,139.70612286006886
2014-10-07,52.59686905699828,-29.592867967451184,135.7847053184323
2014-10-08,76.60074613146115,-13.349887259904035,163.3928274272117
2014-10-09,61.10252223993512,-26.33683335988953,140.6009966958051
2014-10-10,73.2186375470624,-11.737374906677857,159.72877547315923
2014-10-11,125.25308561296016,42.04055390352103,209.5878259140414
2014-10-12,80.67858619411561,-2.9782779290336583,164.25944380332226
2014-10-13,53.55376338237381,-27.32780034873223,135.41394905740466
2014-10-14,52.47143490099472,-28.214814286230354,140.29461450363561
2014-10-15,78.33884726307369,-6.598133349535288,162.82110992869104
2014-10-16,64.91931598807717,-25.99734860235198,144.6240725900813
2014-10-17,79.27718828045116,-12.416295418929238,167.0337541634609
2014-10-18,133.6568994548186,46.97341934640064,216.56945281649683
2014-10-19,91.4655143191791,16.934920158849206,174.99342911505542
2014-10-20,66.69147998896538,-12.573497623963275,147.6683225964788
2014-10-21,67.85465814025513,-20.775736889365334,151.49328562047685
2014-10-22,95.78842844141673,9.711829033842102,183.7905010927329
2014-10-23,84.18327531849181,-2.746101443873082,172.17241632467764
2014-10-24,100.03372552750525,13.816655648228425,182.3349628445155
2014-10-25,155.5193562906008,77.14205994611658,243.92631040224666
2014-10-26,113.98921341730127,27.58141603156624,200.07068431953724
2014-10-27,89.38231519094586,3.031432762909537,173.93450223488134
2014-10-28,90.17926178000089,2.0774544602083576,167.58826816092758
2014-10-29,117.18569740040148,37.761292610481114,204.53104067031583
2014-10-30,104.07699781417293,14.706190774966533,190.35383234259845
2014-10-31,117.84601710350154,37.0579576798868,200.74060794628963
2014-11-01,170.68458691763897,84.17510289042237,251.7143810951998
2014-11-02,125.96808880885658,38.21735594576541,209.7013766097622
2014-11-03,97.70296701997333,15.774810254965226,175.5370746435773
2014-11-04,94.39618934009357,6.075308684241444,175.9796517899972
2014-11-05,116.91943100415173,32.565912008456394,200.44947112316174
2014-11-06,99.02534931378685,18.985675000425452,183.14628636395227
2014-11-07,107.79381751963291,24.626855722926578,188.18996521620727
2014-11-08,155.51164126278678,66.38498520004416,237.10125596289137
2014-11-09,105.65511755276728,19.377539182731162,187.70603495679646
2014-11-10,72.30814720339141,-11.28884224279598,156.15743990515222
2014-11-11,64.11096950997332,-17.153944393348933,154.07407020712068
2014-11-12,82.0403282020824,-0.444415268395408,166.50137347134944
2014-11-13,59.950514443655,-17.844648401839265,146.40635017586132
2014-11-14,65.0172036622496,-19.89101252906204,144.33540234784442
2014-11-15,109.61486993058145,27.714278524510302,189.39203675775613
2014-11-16,57.29719453825678,-26.021016378566777,143.89333053436627
2014-11-17,22.21323322782856,-67.81518032540274,107.68167416127963
2014-11-18,13.054459965956568,-65.88870280988459,91.42202020767569
2014-11-19,30.83353967365038,-52.99909291789838,119.2665024608271
2014-11-20,9.42431226345547,-81.72419839702337,88.79965504681505
2014-11-21,16.00493358621825,-64.04060067622157,103.87067437226791
2014-11-22,62.93497732807024,-24.07540784786173,147.3162176590131
2014-11-23,13.735925752359115,-73.19306657790602,96.75615312279122
2014-11-24,-17.492184359668535,-99.33830541692069,62.79149036913269
2014-11-25,-22.12285029444385,-107.98765948136842,65.28179096067716
2014-11-26,0.7769089772848972,-86.82768303168771,80.7899273468042
2014-11-27,-15.01187740097069,-100.23953419046826,72.91883289301084
2014-11-28,-2.415093627097839,-89.58764871205838,78.7110515424057
2014-11-29,50.813732229029064,-36.03219082878068,139.5742674785403
2014-11-30,8.07630806120455,-76.12318441706829,91.72404043320898
2014-12-01,-16.651219634603486,-104.98835080245212,66.76293035649527
2014-12-02,-14.867688126209089,-102.06001678536795,67.34901391485408
2014-12-03,14.281235869800817,-66.05810187347679,95.10702484816073
2014-12-04,4.411046006569769,-79.35250309285482,84.10559678244252
2014-12-05,22.482341662287297,-65.64307445403306,105.1779194634583
2014-12-06,80.63715973550228,-3.0002975572071953,160.9886682906225
2014-12-07,42.18415029400332,-43.557144490889144,134.00189816697338
2014-12-08,21.01982842472046,-66.82318726894992,105.49197861163404
2014-12-09,25.580907134863224,-57.98294992297685,109.22480478353226
2014-12-10,56.62844535955454,-23.016833513577193,136.10906566381612
2014-12-11,47.793172482364106,-34.76369369008865,127.29450809623096
2014-12-12,66.02381429414088,-20.372782063317164,148.59429312561792
2014-12-13,123.46910684345607,41.93636785623146,202.86749711256545
2014-12-14,83.46281434760783,2.4265297253201097,169.62771051601223
2014-12-15,59.94441426850442,-18.21591038766304,145.93130771994853
2014-12-16,61.410467485483466,-29.906139507421322,142.2440518673355
2014-12-17,88.6974297832552,2.9243795154352727,170.40565373685877
2014-12-18,75.52529674700216,-6.144931322661119,157.17164280315805
2014-12-19,88.94394546607346,9.18667550024947,173.2175612710567
2014-12-20,141.21290482682718,59.21641799621937,223.86118042424135
2014-12-21,95.78392166946384,10.49438171832197,180.78613430586793
2014-12-22,66.71904158485587,-16.326243268355114,148.93903817438652
2014-12-23,62.63928120362351,-27.012470237801438,144.98554104806195
2014-12-24,84.50470899186982,0.8578570767118479,165.42189968736895
2014-12-25,66.15538790766296,-15.603899368653906,149.97950059943238
2014-12-26,74.75510362054146,-8.465865399840242,163.833198680883
2014-12-27,122.6686680538719,42.25531374369538,203.96809615763462
2014-12-28,73.44221984956421,-13.027084614306409,154.69390543448432
2014-12-29,41.21928999486795,-42.199228527216256,127.30772829639709
2014-12-30,34.6877529649438,-44.533485953153196,123.70019287356175
2014-12-31,54.858516990929544,-25.508412131139522,141.20474825001335
2015-01-01,35.605435715220565,-44.34217701535105,118.35876133893909
2015-01-02,44.133654332902225,-41.4413928990929,124.2513628377274
2015-01-03,92.78084810865636,4.40475514059341,174.6923678515538
2015-01-04,45.07346560834583,-38.679885702371955,127.40702649849963
2015-01-05,15.118051469769924,-63.42217010820392,101.23619349848352
2015-01-06,11.549098488332497,-69.03116239285242,92.46205100845111
2015-01-07,35.308991237844154,-47.23052383498188,118.09203306214775
2015-01-08,20.189493226003997,-66.67985261221831,102.87256070362284
2015-01-09,33.276684795934486,-53.91994613472467,119.24460950355706
2015-01-10,86.83011039382959,-0.5316341372966445,172.6054667304267
2015-01-11,44.26551187892182,-41.75073038182815,131.69786708898883
2015-01-12,19.573858528589902,-66.0626842362455,104.49842111637845
2015-01-13,21.271725275385542,-59.624519315256926,99.06002135268554
2015-01-14,50.18379438883292,-35.44983284812979,134.37512846414035
2015-01-15,39.98687672800884,-41.25973102337967,126.5805323310978
2015-01-16,57.657305041882054,-24.65462354001705,143.29803374859753
2015-01-17,115.35240554235583,35.61169866279054,201.75058647846743
2015-01-18,76.39537548382863,-8.890671017447408,162.80899492433664
2015-01-19,54.696232957579525,-25.1311197382092,137.0443916467622
2015-01-20,58.703851397476924,-26.207963817941664,141.4965213423982
2015-01-21,89.18982115102109,8.8695398926716,175.09370856372553
2015-01-22,79.79350820530361,-3.025515101722266,165.06726449201247
2015-01-23,97.47014378782634,13.826363737518799,184.08374644415568
2015-01-24,154.3726398979876,69.93877173204125,236.93942403322635
2015-01-25,113.83645504434236,30.890544939665155,202.60079166285038
2015-01-26,89.80018061337688,1.496484919259229,169.79393792054182
2015-01-27,90.75687203820665,5.351942593194274,175.32177591410291
2015-01-28,117.5368858908852,32.54540172852859,206.42544373794715
2015-01-29,103.8516183322562,26.035720756532722,184.97862963350488
2015-01-30,116.74000991041845,34.70477537719169,202.06485371298697
2015-01-31,168.448548198766,80.10930873388568,252.4980599314076
2015-02-01,122.41414344368327,38.15735120107303,201.89603499392413
2015-02-02,92.68254097073806,4.838764813213403,175.29180315034034
2015-02-03,87.85744254993581,4.743991276010569,176.56366720895412
2015-02-04,108.88104411953715,25.984332120260234,196.02990826903033
2015-02-05,89.57548423175638,-3.8650127532862126,178.11542131571863
2015-02-06,97.08710551723415,16.50796530272822,182.74274616662063
2015-02-07,143.76430644333652,58.813906775902474,224.17478014910483
2015-02-08,93.1383915676217,11.82289766989965,176.81808706485222
2015-02-09,59.34017454528366,-22.57995220474823,144.74507688458482
2015-02-10,51.04744005970703,-30.2578138741061,135.32336458198947
2015-02-11,69.26410427203317,-15.251272619891573,149.32825040267403
2015-02-12,47.860542607167346,-35.55169218742669,133.13374662299043
2015-02-13,54.01701671646611,-29.18003890489101,136.58607290839313
2015-02-14,100.10099114773594,16.0826289198505,179.59842986475488
2015-02-15,49.64775488868108,-38.91431945277848,132.1858638330497
2015-02-16,16.777102681182036,-66.28395398710876,105.93771248230172
2015-02-17,10.141176690099357,-72.46187063990565,93.98390922719909
2015-02-18,30.704296534640626,-54.30910397508819,114.85939350913816
2015-02-19,12.284229248431217,-71.81292738613173,96.37004038139865
2015-02-20,21.996808530626986,-61.91155914902729,106.84665201250617
2015-02-21,72.13466666978796,-11.164278836898042,158.12172464813045
2015-02-22,26.14946308229606,-58.44730991499092,116.51931542699425
2015-02-23,-1.9296702258187963,-80.65462562730255,76.12854426227025
2015-02-24,-3.5464029186999255,-88.82114123635878,85.09806218111311
2015-02-25,22.164588611966238,-63.91749103600376,107.5552044959546
2015-02-26,8.920896808882055,-67.3218597098869,90.64558140673896
2015-02-27,23.73900809043652,-57.28910911726085,110.67473870375568
2015-02-28,78.8150010763633,0.2706772584167886,161.36928891984604
2015-03-01,37.50866327171586,-47.87401568159239,117.78642434831903
2015-03-02,13.763709970103498,-72.88166673423109,95.29929798226112
2015-03-03,16.059148694031443,-70.24897104263825,101.9414174045986
2015-03-04,45.192478583197335,-37.81691061312957,131.8947926917971
2015-03-05,34.8242474746153,-52.00003561346535,113.434139287726
2015-03-06,51.92567531368728,-32.338816246076924,131.7724937880405
2015-03-07,108.66011874835282,29.283839889103344,192.08116428517425
2015-03-08,68.36769581532194,-11.843666317894787,153.81069149740054
2015-03-09,44.985746961094534,-34.88462480756053,127.33103554637802
2015-03-10,47.00015965076798,-44.51315955291475,129.7499706038234
2015-03-11,75.22831792441858,-0.1429721469339319,157.67155206557058
2015-03-12,63.363069744504266,-15.694131618250578,151.7098710494365
2015-03-13,78.41957175959988,-12.794298993463398,157.64513237235212
2015-03-14,132.61573498419224,49.670071063175044,214.22297580573397
2015-03-15,89.35562599558774,10.44064466760207,175.65146061855933
2015-03-16,62.64852561461479,-19.859248471783307,137.47539007668146
2015-03-17,61.058701336885406,-24.87153982990263,145.27082486204588
2015-03-18,85.48668663948959,6.958343391257811,172.93377836126362
2015-03-19,69.71149388251055,-8.907574392627925,146.28140384221058
2015-03-20,80.83565578828863,-4.401409333446122,169.0392574327277
2015-03-21,131.16385514194116,49.14936373870609,213.33687946776476
2015-03-22,84.1845335772405,-1.18213062163328,164.55989623035006
2015-03-23,53.98721708827542,-25.05551460588526,139.83139762343842
2015-03-24,49.21064895751179,-37.415795440732246,132.57188475008297
2015-03-25,70.82255573542572,-13.207459342400918,156.8915233936611
2015-03-26,52.66050297229003,-33.52580901800901,137.82129108648712
2015-03-27,61.875762558628196,-18.814510811470026,146.25537200163748
2015-03-28,110.81097457475714,26.269734171555832,200.97916949309138
2015-03-29,62.981013691648684,-24.22998110227835,147.26608474859208
2015-03-30,32.48981248596412,-51.57764886667296,112.17307597414151
2015-03-31,27.978242339387826,-57.290579160371394,109.39629528156641
2015-04-01,50.40388256531453,-33.9440309907744,131.5807103737482
2015-04-02,33.58213438936244,-49.34940246534728,113.80058855598013
2015-04-03,44.63059653918637,-34.09852470686938,131.3995814748426
2015-04-04,95.84747502389034,11.865741148084012,176.6852275943271
2015-04-05,50.69342223012279,-31.557831557665814,133.03172428060495
2015-04-06,23.209538010634574,-55.34916746085679,106.28026397976204
2015-04-07,21.96660958471788,-59.45705960033361,100.20430024595301
2015-04-08,47.84639326361015,-27.31635502233271,130.8225194350148
2015-04-09,34.58436374339369,-51.65303206872831,122.06912003142456
2015-04-10,49.215814099354176,-35.02916233822014,129.26438085864163
2015-04-11,103.95604362693547,12.864411213148589,183.79165563534016
2015-04-12,62.183991656028034,-23.849699113003272,147.44793361583785
2015-04-13,37.86201263799972,-41.31497024699905,122.13652814479096
2015-04-14,39.486832065247306,-46.5386945340753,125.68930512436354
2015-04-15,67.87244994437373,-23.679156201196406,148.1042877282709
2015-04-16,56.694382983749136,-29.71513115801339,138.32927212094668
2015-04-17,72.93709649637475,-13.719465221800242,155.80141653419713
2015-04-18,128.7753341643719,43.09982945153612,213.42324145583066
2015-04-19,87.55867856417362,2.075828338213772,172.114116021158
2015-04-20,63.23201686950002,-12.979911866814168,146.47860192020056
2015-04-21,64.28693523223833,-22.496482340598487,151.12234383199254
2015-04-22,91.54479771934228,5.4256014007430915,172.09645207461017
2015-04-23,78.70089562823986,-1.0762050371532996,154.64561818508218
2015-04-24,92.77151851964163,8.803303744973253,171.68985684890117
2015-04-25,145.9746611815302,64.41756312943836,235.3441048866559
2015-04-26,101.71371115929182,18.43397133271739,180.77974927300068
2015-04-27,73.99680847780023,-11.023482439867262,161.01924025265183
2015-04-28,71.3869234295889,-13.405000932779135,163.25552342580224
2015-04-29,94.78343541752874,9.801695897847411,176.2365520681437
2015-04-30,77.96462998649189,-8.792402675465462,161.35344166848787
2015-05-01,88.03300025270019,3.35754543874864,169.7641353129105
2015-05-02,137.30172355888513,53.132007414977025,222.2793163720808
2015-05-03,89.25360325351795,7.879485551788922,183.8269807438166
2015-05-04,57.981397139390836,-31.958372007298667,151.0249181925697
2015-05-05,52.128430730328205,-39.20230541081515,139.5028098623242
2015-05-06,72.6684134202426,-11.37806003608117,157.51867677963415
2015-05-07,53.44629490444927,-32.87196938236055,133.62599716270196
2015-05-08,61.62208476375142,-18.88344643735937,145.13599506281625
2015-05-09,109.54842058344474,22.219230540959046,194.82595652229153
2015-05-10,60.75129841013857,-20.041238865597904,147.00126309965492
2015-05-11,29.346722799102672,-52.711377723380075,113.0772364597321
2015-05-12,23.98838291613354,-63.448813766163404,103.33542388654335
2015-05-13,45.64719185067301,-43.38100459424981,136.7989957187535
2015-05-14,28.152152737424935,-56.686677887131644,113.46110764800765
2015-05-15,38.63447557053531,-46.312706050330625,120.37155582269139
2015-05-16,89.40572458217825,3.724530821798458,178.7173632256905
2015-05-17,43.9393981021591,-43.34179141416839,129.57018981184152
2015-05-18,16.28868008413037,-69.2064286147026,95.80044564192228
2015-05-19,15.035445906993267,-63.64897874610797,97.3750327033138
2015-05-20,41.07133044096417,-45.15268666004824,122.86822964445795
2015-05-21,28.140288169906924,-58.28584959361125,114.01857840033918
2015-05-22,43.28453152334172,-38.34755391693796,131.00836023443233
2015-05-23,98.72458651948756,14.734480201205214,180.07265212831206
2015-05-24,57.842824722979586,-31.43154502482161,134.2289183362718
2015-05-25,34.60316666498227,-51.862962721731655,119.92081883404202
2015-05-26,37.50199516855887,-52.98435663560019,123.60358920732718
2015-05-27,67.35104332837682,-17.46993384858952,151.49558974375978
2015-05-28,57.82164562697808,-27.51907522022875,146.99171356459996
2015-05-29,75.89219995303377,-3.0523020684159032,159.47818509442922
2015-05-30,133.72954506530934,54.71398776407268,213.4893125950434
2015-05-31,94.67358262215379,12.644729196202462,178.34011933793468
2015-06-01,72.70356486325348,-18.381303533914576,149.25889683311178
2015-06-02,76.25231568969183,-4.762894562948704,157.63091084368037
2015-06-03,106.12664222379028,28.32117279170259,193.397212501914
2015-06-04,96.0058156407593,17.875562541324154,177.58127246795922
2015-06-05,112.88872282736843,27.67170527995206,191.6372963656037
2015-06-06,168.97465143857988,91.4704694966606,254.1907968238014
2015-06-07,127.64705261684628,45.90484113809025,212.39933998391035
2015-06-08,102.89297348861592,17.95135195107438,184.7139231686851
2015-06-09,103.25320665736012,22.450407399225483,195.86246683089388
2015-06-10,129.603941814322,41.35083476316032,213.55948518221956
2015-06-11,115.69933944474856,27.10737510566312,203.49060275295213
2015-06-12,128.61691625549673,45.73632668439794,217.18608787150322
2015-06-13,180.63649808611143,97.91615631839188,270.13390975318606
2015-06-14,135.22212875382132,48.99152624846704,219.59055657383178
2015-06-15,106.43967148792169,14.351808626856855,191.12833473933722
2015-06-16,102.90519395831593,17.760619259068267,190.5823361041201
2015-06-17,125.56496398226889,50.772879247871735,213.54136282053364
2015-06-18,108.23651497957201,19.88284251433059,194.55731369173606
2015-06-19,118.05270606456597,31.371172317193214,207.0063225339954
2015-06-20,167.33956309444642,87.61750212549977,249.38841318295192
2015-06-21,119.59731422604989,34.027252477198026,198.86826969837682
2015-06-22,88.91737566383257,5.7983195901350735,176.66141610757478
2015-06-23,83.93039109726227,2.9928545797420756,173.1466855304846
2015-06-24,105.58615757239713,25.77287177981413,186.35267315327894
2015-06-25,87.69489557374345,7.7466101209087626,170.89191990075466
2015-06-26,97.37178000907706,12.495920524430186,181.986426680365
2015-06-27,146.9155035520768,64.15095550020223,228.71393441058
2015-06-28,99.7902647630224,20.37732013757493,183.97519226606292
2015-06-29,70.04390982769456,-9.754916064760893,151.11353648773786
2015-06-30,66.25729957920848,-13.248000422704475,150.72841142723692
2015-07-01,89.33366830492179,8.127743528768832,170.2397609603494
2015-07-02,73.01754410630294,-12.73801573240354,149.62911649265132
2015-07-03,84.3648036870704,6.124386761885383,169.59922120997314
2015-07-04,135.61489291583268,53.02308091667299,222.13468048861083
2015-07-05,90.17441186160109,5.558756271988726,168.9071335550136
2015-07-06,62.03678196794098,-25.82529189880098,144.69958802847404
2015-07-07,59.73302779851827,-25.54934187700325,146.61261878489492
2015-07-08,84.11443406567945,2.8956057585554804,168.64164119377733
2015-07-09,68.89646460016957,-12.287152246871534,155.11228832781205
2015-07-10,81.10579159682176,2.518322049763555,169.30528563561947
2015-07-11,132.96114276081326,40.46258970597864,210.80144559230322
2015-07-12,87.85730112375283,-1.8141282532089467,170.7064785936904
2015-07-13,59.784936375467986,-22.070236438597167,149.9215010591742
2015-07-14,57.281298311276686,-23.733038652776475,145.37339237216995
2015-07-15,81.21253804896755,-1.871653286642472,159.82010674329806
2015-07-16,65.31705521869081,-20.24377016001296,150.93880429456868
2015-07-17,76.65173728141563,-4.768608676956579,159.3795448027546
2015-07-18,127.47182218532002,45.537784122027126,210.00522394621478
2015-07-19,81.21374781864724,-2.2880415508013185,165.02021647012356
2015-07-20,51.91370011537493,-28.567080015667926,130.9204008577478
2015-07-21,48.15692681971714,-31.244626287414675,128.193516211926
2015-07-22,70.85862138509997,-9.161142487976706,158.44523544146807
2015-07-23,53.80581537136372,-30.398770355388,138.4205837781551
2015-07-24,64.10218590972406,-17.230550979942276,151.15820268536527
2015-07-25,114.0465490057891,33.72514461890631,191.1605685135269
2015-07-26,67.11443977685803,-16.293627714178182,154.42932965293895
2015-07-27,37.37552616701036,-50.41326430618045,119.64646043760472
2015-07-28,33.44195395439034,-44.018274695793195,114.98320094995672
2015-07-29,56.24845360935855,-21.477959787600664,139.80288649537871
2015-07-30,39.59473362037052,-43.59639858637071,119.8470153998071
2015-07-31,50.58675367211783,-29.088790508205765,126.14264428138723
2015-08-01,101.51831256092737,12.068067703095199,184.87369520070504
2015-08-02,55.8516979557023,-29.447005228140522,137.9836701047108
2015-08-03,27.635467609462744,-55.35000236106667,114.32863720813799
2015-08-04,25.453382987531263,-59.50887030811661,101.27342411836315
2015-08-05,50.20530848008683,-25.21970883930887,133.96266604290506
2015-08-06,35.649512218858504,-48.47710577128359,115.99637213150513
2015-08-07,48.84826177264191,-31.827152076525184,130.53772286753014
2015-08-08,102.04746166068776,15.369597602895308,185.7739115069816
2015-08-09,58.65970009111158,-23.38197322739237,141.06438460281515
2015-08-10,32.68340889612125,-53.24601973657979,116.38669597796212
2015-08-11,32.653184213799705,-49.92411630670856,121.04265209218103
2015-08-12,59.42204195778054,-23.649105354722305,149.08862760902215
2015-08-13,46.70500590887973,-28.45122016115894,133.62709896907992
2015-08-14,61.52588554639998,-27.723167187942323,145.9019658470151
2015-08-15,116.09795742007447,37.76962338221928,196.37663243514874
2015-08-16,73.80788829686848,-13.195458157937264,155.8630472803693
2015-08-17,48.63557964400511,-31.997906070267653,133.78777882765797
2015-08-18,49.10496205188482,-36.623795728234775,133.5328662300864
2015-08-19,76.06650066869834,-3.552338313041289,166.57346653838857
2015-08-20,63.24080287097404,-20.10505985245777,149.1115385243785
2015-08-21,77.66518520188359,-8.45384915097702,160.09769524716748
2015-08-22,131.57391984348894,44.098148369231346,217.16905085150972
2015-08-23,88.3815116683492,-4.363066619737821,173.4759493100402
2015-08-24,62.10170425112916,-28.653447284984082,143.85946806809042
2015-08-25,61.29726772808422,-19.145775332393587,138.93308937339793
2015-08-26,86.86135865064094,2.665755973026247,174.48304455545042
2015-08-27,72.55987609830257,-7.944053398774388,158.64826543004276
2015-08-28,85.47670716293251,-0.3508820369160457,169.63437879970562
2015-08-29,137.89337440285095,53.546493424867336,224.01753396112528
2015-08-30,93.26870416185857,10.640560735813878,175.55580336556108
2015-08-31,65.65879537154304,-13.3515277370348,153.11169571438543
2015-09-01,63.664836944896706,-10.425612261858857,146.54227703582552
2015-09-02,88.2133703365113,4.515718956385787,172.4727875065197
2015-09-03,73.09769918606955,-14.36699392735986,150.96700215555677
2015-09-04,85.4223667712087,2.7099204915816313,167.64424750988132
2015-09-05,137.48148216514429,58.27297931562643,218.92691922779665
2015-09-06,92.74030198827268,12.099828870727531,173.5111583645065
2015-09-07,65.2528155629717,-14.709942020619838,154.9332239054903
2015-09-08,63.610427965014736,-23.204742015759305,142.05123917342928
2015-09-09,88.7225636622604,1.893469600894168,169.2225670859841
2015-09-10,74.35863754865844,-12.945043770448322,161.54466801044344
2015-09-11,87.59329832857644,7.318338147818039,172.34192117948095
2015-09-12,140.68570338128092,59.9688297791993,226.92225122385568
2015-09-13,97.06220481158783,2.5025438578031447,184.95814429288325
2015-09-14,70.7351626539551,-9.651893868233659,156.39981590743625
2015-09-15,70.2529440956263,-14.540340797389065,154.79107014477285
2015-09-16,96.48189299507445,12.199665711462272,177.63088155762432
2015-09-17,83.14967637833759,-1.7265877584699096,168.50823085158348
2015-09-18,97.2918721691878,14.942616328506217,182.025720894016
2015-09-19,151.1325171628151,70.61907348318695,238.61725875057826
2015-09-20,108.06795656087515,19.348433874883078,190.26295962550287
2015-09-21,82.08667548559063,-6.427013581396644,162.4541607969487
2015-09-22,81.7201396599412,-1.2043271195399357,164.558224583003
2015-09-23,107.82540266316147,20.225213563057473,191.24594359151604
2015-09-24,94.12886519179658,12.814428893442694,177.69283509795065
2015-09-25,107.67303559435535,19.47939670177474,192.35681356533206
2015-09-26,160.6970024640612,81.0429000199746,245.09298028755939
2015-09-27,116.61995942854166,31.269165100143848,200.30729611090482
2015-09-28,89.4669426725803,6.269815629148293,174.14377648851976
2015-09-29,87.7994507329142,2.948357823587388,170.3900778857554
2015-09-30,112.51646516926911,33.64415814188148,194.38445773966228
2015-10-01,97.39054225214586,15.427823686976852,180.886821647471
2015-10-02,109.51322734833865,25.69026744278559,190.32728725992902
2015-10-03,161.17406515653192,77.72163618709932,245.2097016317102
2015-10-04,115.84258627369744,37.92011966060198,203.77454318277393
2015-10-05,87.5859995713045,8.615550970161943,171.9398572637087
2015-10-06,85.01767527189045,2.501035056772897,170.52409697196683
2015-10-07,109.07724095657267,23.325709164993206,189.9514494201766
2015-10-08,93.57174614464567,6.722898530143162,178.28577679251677
2015-10-09,105.61981842273477,29.939578684762964,186.83213063247757
2015-10-10,157.52959708500865,72.76571609078148,240.9928950348475
2015-10-11,112.77985901337215,31.581566865257194,197.2613273431772
2015-10-12,85.43709509693798,2.6595704811868237,163.8818335392644
2015-10-13,84.10364461334413,-2.852802017470508,167.714957998663
2015-10-14,109.69772534897994,24.667038224364763,194.019475073434
2015-10-15,95.99482313826235,16.24153802443214,181.04380793707927
2015-10-16,110.07236401261557,19.185011121395323,196.12510529820887
2015-10-17,164.1884472019111,80.79776179412123,246.76095914690194
2015-10-18,121.76403815680804,42.042005525245116,210.87005932756244
2015-10-19,96.8013568161255,10.50428751343249,177.68980745003208
2015-10-20,97.83353846125141,20.031224785267817,187.6631018913635
2015-10-21,125.70636856699164,40.40846206909979,210.27366298860056
2015-10-22,114.12151355535315,29.04064553165534,197.40489421747208
2015-10-23,130.0831245146747,45.34252129543243,212.10433336078148
2015-10-24,185.77854279897258,103.44641023618408,269.80515054200333
2015-10-25,144.56245542497052,61.59325150208542,226.39778542535984
2015-10-26,120.37718363943297,29.903106179558982,198.85618980002113
2015-10-27,121.70413090426985,40.78827385399685,207.39868029937253
2015-10-28,149.34718050250123,63.460965945002144,234.08642430838003
2015-10-29,136.97723021643088,49.493316853292946,215.4281339947141
2015-10-30,151.58007801230178,67.45623463730254,237.41493357361463
2015-10-31,205.337974721917,129.45957103262117,286.2039122452581
2015-11-01,161.61435215157357,72.50410411484539,245.2219602681647
2015-11-02,134.3743514034814,55.61601883425603,218.30971612891346
2015-11-03,132.13616504911727,53.55373623315613,214.73600339981783
2015-11-04,155.75394159191382,67.37006495742608,231.32711510740268
2015-11-05,138.96163339681755,55.517350909414894,225.2935198591488
2015-11-06,148.81963786381613,63.2170941479431,226.70307021225682
2015-11-07,197.59494780111908,116.72675058795934,281.4066611031727
2015-11-08,148.74416078239256,64.97674293875238,234.69962811132766
2015-11-09,116.3320476988816,31.053275681243854,191.2210007276287
2015-11-10,108.98073830055344,29.810683891191495,194.8834412353527
2015-11-11,127.65032179427868,44.739510367145485,213.38236198272554
2015-11-12,106.18029757260703,24.616540241379592,194.07941877846412
2015-11-13,111.73378271545275,22.403685155395117,194.78502796589393
2015-11-14,156.67525064415636,73.5080159519503,239.58951978380026
2015-11-15,104.55120926887403,23.994691115449058,186.80119035656548
2015-11-16,69.50657605529491,-14.88303826802753,150.91471399655083
2015-11-17,60.23186226500214,-28.343916354512317,137.18598871727437
2015-11-18,77.74201476440606,-1.8955138880631865,161.69165957067776
2015-11-19,55.91639539790704,-25.448501638500577,134.61229687228234
2015-11-20,61.94184294102261,-16.948980755002687,146.2186382126845
2015-11-21,108.18962285519619,25.433474712167712,195.46193269947588
2015-11-22,58.19569568457907,-26.09299597428482,142.6045410463762
2015-11-23,26.077075082159908,-53.88751561943045,107.28481255154274
2015-11-24,20.479391964873173,-57.93785132286313,99.3893320270761
2015-11-25,42.3565079579699,-36.63449899395934,124.27681931429463
2015-11-26,25.51164350456905,-60.290739992169684,110.91953016941093
2015-11-27,37.042133116380896,-51.453814789092974,123.15851403342633
2015-11-28,89.21762491614422,7.513891392275983,171.85058766098246
2015-11-29,45.46302691065261,-43.8728407220232,128.99778427358046
2015-11-30,19.777012427952954,-62.65327500200058,107.22523231653456
2015-12-01,20.682104374991397,-63.195973112527426,104.99754830690144
2015-12-02,49.00693314338204,-35.35688370668739,132.9728739209319
2015-12-03,38.430073220144834,-54.13640356404635,125.64023963028067
2015-12-04,55.92731778300042,-32.61673147991143,133.78449746707102
2015-12-05,113.65310198809163,32.79292676305459,198.29824288128208
2015-12-06,74.92540472357184,-9.196236565296477,161.7531233900755
2015-12-07,53.646794586708296,-35.81705900697425,136.22012071838546
2015-12-08,58.256629683693774,-30.66169006355123,136.966332537906
2015-12-09,89.51514837342901,5.945923430625471,173.75955982450753
2015-12-10,81.04881366700091,-1.407393224873334,165.61140600095587
2015-12-11,99.79873573550327,17.5809693680657,189.40948954079272
2015-12-12,157.90285673735082,71.92999993566086,240.7346802549125
2015-12-13,118.68121018208241,31.972467930181224,200.2019362013826
2015-12-14,96.05691237567267,16.951542366427002,183.88906778162763
2015-12-15,98.50789684237844,23.149532177522353,183.27023141554102
2015-12-16,126.85013959775785,37.27581793732625,217.3471885068475
2015-12-17,114.78175792075352,25.961382052424035,196.00989898067888
2015-12-18,129.3298356961114,48.99739439226408,215.1691371030959
2015-12-19,182.73069614410872,101.46232322617834,270.67188726095424
2015-12-20,138.41297786707145,60.698435817208704,221.79775942844947
2015-12-21,110.4162215276793,27.433848688280264,194.86840200036454
2015-12-22,107.34003270258003,20.884991732779262,189.8649905790787
2015-12-23,130.1246270215624,43.988550499887694,205.56484046674052
2015-12-24,112.59220070232755,29.86249538644937,193.85854227633158
2015-12-25,121.89104082390946,43.83389500173866,207.18740368266194
2015-12-26,170.37315683548542,81.52935540848988,254.06998752189875
2015-12-27,121.61598456086969,34.71636844312136,207.9043256908351
2015-12-28,89.71524212509306,1.1177758157296394,178.88384195184054
2015-12-29,83.35542062667528,3.553057134918446,168.2715122714179
2015-12-30,103.54739426060505,24.108991270167923,184.1046244435985
2015-12-31,84.16831464740658,-4.73738847763146,170.13845912938146
2016-01-01,92.40459795937204,7.393780309345732,174.96247557985086
2016-01-02,140.62880908120678,56.23245505093579,227.4619704947273
2016-01-03,92.37987156990124,7.184569979933036,178.66028561828153
2016-01-04,61.77937139689288,-22.04678918940073,148.21433408994952
2016-01-05,57.47906724057203,-23.8784411367659,137.61193725566199
2016-01-06,80.44044625217137,-4.765905827243949,167.36450415795113
2016-01-07,64.47578618522968,-22.568824376619403,140.0567442365895
2016-01-08,76.69264071260422,-11.870404152421234,164.28501737953277
2016-01-09,129.37251667835392,45.18776800118744,211.4089311469243
2016-01-10,85.95313035974165,4.804157820054563,165.58211551656672
2016-01-11,60.44696383219078,-23.36573153478902,144.68210492699532
2016-01-12,61.39118322823552,-15.94875344358149,142.52417468930832
2016-01-13,89.62970393160528,10.135614347406731,176.7634571629493
2016-01-14,78.85680804615399,-4.939245622466716,157.23785872313283
2016-01-15,96.06417499617756,14.0603810631569,183.68615788145377
2016-01-16,153.4220388772723,67.27164424098366,234.52853220752624
2016-01-17,114.26380653680454,28.10368167314743,199.60273206976308
2016-01-18,92.50680757717463,7.729222637746981,168.34606831499184
2016-01-19,96.60419240966503,18.334250129503566,182.01464757828577
2016-01-20,127.32872293137314,42.494193635834506,210.25799496782213
2016-01-21,118.31782669420278,31.165392032492036,202.03761952706813
2016-01-22,136.52174763304782,57.69894246437971,226.26822427393387
2016-01-23,194.0854863563659,114.00106562909599,278.2765267248128
2016-01-24,154.3338508968984,61.02153831631435,232.07851792542527
2016-01-25,131.19228372535508,46.66663806965578,214.9393154132703
2016-01-26,133.21422595187684,49.653517591515495,211.88174339005332
2016-01-27,161.13706069539643,75.90553440883748,241.2008261265874
2016-01-28,148.6534483888542,66.89730307565469,232.0808637150881
2016-01-29,162.78248598184751,84.33123581634852,248.04159259327477
2016-01-30,215.75012533146582,131.26773330826887,298.8526079104631
2016-01-31,170.9724644173599,89.58398645360873,261.0436110387165
2016-02-01,142.47461692698243,55.88021527995103,225.90322729475346
2016-02-02,138.84022200671052,60.791130426308364,222.72840101700714
2016-02-03,160.99239456370213,79.07368707165301,246.65993421012934
2016-02-04,142.73555161647346,53.429536142783824,229.95395534877838
2016-02-05,151.20001968394328,66.79068613587003,240.9117618373907
2016-02-06,198.72019380145792,108.42939533590952,277.91854464814196
2016-02-07,148.81565057441262,64.1648423235228,231.87892263377907
2016-02-08,115.60796474364942,31.662264687456407,201.43235047209083
2016-02-09,107.76833172030395,26.62363819820839,188.24126439523394
2016-02-10,126.29683312122691,41.833491499729604,213.0874602073276
2016-02-11,105.06281272056334,20.179974981175295,184.96021940669502
2016-02-12,111.24829443465035,29.509628348355733,198.12851857396848
2016-02-13,157.2252338103461,74.06273151823646,241.1361536359107
2016-02-14,106.5360202375331,19.97059088993285,194.52729968944064
2016-02-15,73.30998790335899,-14.238356500792403,162.32193650955438
2016-02-16,66.21104016275423,-18.503120657419675,145.8108302333053
2016-02-17,86.21722031123085,0.8108282981918311,170.8368529494963
2016-02-18,67.16168606080383,-22.84706477928647,155.97188362092766
2016-02-19,76.17700346145858,-11.44086908469548,156.89218846058492
2016-02-20,125.57353052313837,40.78385066122401,207.64997321767927
2016-02-21,78.8212817198542,-5.412307980496658,160.15494890417492
2016-02-22,49.96800112643129,-28.091865340810298,132.2061556261607
2016-02-23,47.588515049373925,-38.9015232260999,128.84421805157925
2016-02-24,72.56616049538988,-13.95116830226464,154.12158334568278
2016-02-25,58.63570808378837,-30.07979751258227,135.16227469972512
2016-02-26,72.82965518970417,-11.790296231202484,163.1720394153124
2016-02-27,127.35861915544682,42.446532206266774,214.21355421052678
2016-02-28,85.59518167398346,-6.37543127320785,170.41951089302538
2016-02-29,61.49387312744689,-19.525337478587787,144.99956296430022
2016-03-01,63.542330624288944,-21.320859803073066,145.19429500610093
2016-03-02,92.54439150498416,12.944556467553491,176.26025313958974
2016-03-03,82.16450951946277,-4.593960076585049,161.49141444781804
2016-03-04,99.37534179235854,17.19433012312368,177.18047643821504
2016-03-05,156.33921295953309,67.69977798863053,237.9910195037965
2016-03-06,116.39278873096296,32.25238694236389,200.14380308468242
2016-03-07,93.46763373055354,12.08150467348217,178.94832958429933
2016-03-08,96.04167854066914,17.689478427060045,179.4227482822587
2016-03-09,124.92235413860499,42.63637337921547,210.42993295712742
2016-03-10,113.79078258467304,27.237317410682262,199.65562716137157
2016-03-11,129.6488788959754,41.424352058082555,210.38040170709567
2016-03-12,184.70008228738126,99.47950500175932,266.43823942256574
2016-03-13,142.33306554174814,58.86910301071258,232.10547488600116
2016-03-14,116.54111823606621,29.538448916298425,201.33441592602176
2016-03-15,115.87225355568272,34.91098864479382,199.00905546442846
2016-03-16,141.21082513327107,56.21493652971961,222.64057804676992
2016-03-17,126.32007389978295,48.44017284406074,213.24682383378004
2016-03-18,138.28749329448434,59.59956799982345,225.15826044217752
2016-03-19,189.403766059873,103.29850731608593,271.59047208754987
2016-03-20,143.1446574016599,59.771369409849996,232.87265122791305
2016-03-21,113.588596530078,28.86650444849961,193.12099455419872
2016-03-22,109.3650322099279,21.75634391006009,185.62455198407594
2016-03-23,131.4343835439836,44.72181162841157,218.8539422655538
2016-03-24,113.62903903504838,23.39945172335965,199.4799266219127
2016-03-25,123.09732293530303,42.493585074340956,207.6138809563738
2016-03-26,172.1812098155716,90.41416702632897,257.60750903124614
2016-03-27,124.3971963380906,31.242417985885602,205.74201723505809
2016-03-28,93.85308248585079,5.36278523456652,181.28180239346318
2016-03-29,89.1957637442774,3.709324700231372,172.5494803283773
2016-03-30,111.39086664711154,29.995642584991057,198.21626128696008
2016-03-31,94.26368699823603,14.583235008533752,177.84490051313713
2016-04-01,104.94335098999605,27.01631684771178,192.71388363534598
2016-04-02,155.74097625647832,68.473955706881,239.30008303301742
2016-04-03,110.1312328994492,29.82794668528492,200.63888029697333
2016-04-04,82.17004289011814,-0.267413302046845,156.36593430252117
2016-04-05,80.44350082728505,-1.1195075955642966,167.33080772487008
2016-04-06,105.848825631043,20.10218210468155,195.82188583060815
2016-04-07,92.13677574148241,6.42565388184123,182.3598904671794
2016-04-08,106.35741791440516,22.44855159920094,189.50422457942207
2016-04-09,160.7399936990606,79.9665290458797,238.23757655239373
2016-04-10,118.67624851112133,41.09206889244046,204.39429712774955
2016-04-11,94.13992508749394,14.70560266979607,181.73698424021154
2016-04-12,95.63746694012451,9.935613651145582,181.61359490043378
2016-04-13,123.9907040152765,37.36676385750303,204.0429436699152
2016-04-14,112.88091653044616,33.42408071608926,195.0072534685673
2016-04-15,129.29613199699583,42.36035285752143,209.68614750739698
2016-04-16,185.4123667071398,106.52248960807367,263.9017389846978
2016-04-17,144.57814674779152,57.020535018427964,222.66397414664294
2016-04-18,120.73498410663382,35.13447614642226,204.94495299861097
2016-04-19,122.36883146689847,42.97122692612455,208.33439581812502
2016-04-20,150.29327059264452,64.76519148790888,228.96946366377188
2016-04-21,138.19381809791346,51.448241561732274,223.8086200067012
2016-04-22,153.0751968738518,63.79421004278414,235.48987419182524
2016-04-23,207.14228335882999,120.0260212851134,288.41896044900506
2016-04-24,163.7840703540074,81.75214961218963,248.64298718400826
2016-04-25,136.99333127904762,59.302103126124884,222.45956084729605
2016-04-26,135.31702532983772,44.66508472211335,215.912169520129
2016-04-27,159.63821955953568,74.85500901899707,240.44533329479438
2016-04-28,143.71893764687954,55.695374784420366,232.36905185816593
2016-04-29,154.64581394550368,75.32073737815729,241.73187410837247
2016-04-30,204.70929704232887,117.18386093942773,291.01597190004946
2016-05-01,157.38577960690318,76.78277949222874,244.09744463767797
2016-05-02,126.7553797434503,34.494720367756784,209.18563405663735
2016-05-03,121.45045404054089,38.78328098850319,203.55062358180285
2016-05-04,142.43565958632752,63.30507671271054,224.30339463357427
2016-05-05,123.54901558210146,38.212260492197004,211.2334105587324
2016-05-06,131.94588271639543,48.70541065720061,214.4576697929979
2016-05-07,179.97664191027866,101.73738569359985,263.94821959738397
2016-05-08,131.167483548236,46.22515877954862,218.19414704792763
2016-05-09,99.63706290052667,12.27156222450113,186.3994477619191
2016-05-10,94.04412785457781,12.30844515110941,175.67508094222194
2016-05-11,115.36695696154133,28.811724936182745,192.2842856127141
2016-05-12,97.44407345763048,9.663680366584199,179.32901020131627
2016-05-13,107.41816235705824,23.476481456243633,197.63058818159018
2016-05-14,157.6139748071776,73.63858905393012,243.4674728915037
2016-05-15,111.51962693979905,23.81696221350585,195.54137691007608
2016-05-16,83.20403861738066,-6.588111003984696,162.7108649969767
2016-05-17,81.26560164333759,-0.500894270894587,163.7919713176259
2016-05-18,106.61289298808208,20.34515961005378,192.0020524268718
2016-05-19,93.0068708020453,7.995203865759697,178.0541548394278
2016-05-20,107.50644759333515,27.81635565514311,188.44973005259612
2016-05-21,162.34818794220936,76.4957626151882,245.8048088591092
2016-05-22,120.92949788386676,39.725784103916766,208.24647410493597
2016-05-23,97.22800889821966,10.801866387991039,183.67635216160178
2016-05-24,99.75220221693951,20.72460903721756,181.99208513027895
2016-05-25,129.3240447746506,42.34520100403619,213.4421603113777
2016-05-26,119.62303100252632,35.384116251298614,199.85775293055113
2016-05-27,137.6334829599257,62.57260683003356,222.0352368221108
2016-05-28,195.52581696516023,109.65731106830926,284.47392616290944
2016-05-29,156.6411082646643,73.25517959622766,240.83995046537163
2016-05-30,134.91162554882047,46.35377450506193,214.97576259962773
2016-05-31,138.81235512282728,54.05651314944179,213.85404978101838
2016-06-01,169.1442660048774,90.93217456015789,250.03534296691652
2016-06-02,159.5786964498588,75.9174292839459,245.83703701416283
2016-06-03,177.10470738398018,95.2324023396566,265.3712975085494
2016-06-04,233.91011077651967,146.44586072188656,315.7425850075977
2016-06-05,193.3655112497924,108.8328463485541,278.50312454240276
2016-06-06,169.44404623745365,96.91530440480817,251.48036524747303
2016-06-07,170.6718644274742,86.85753376577037,260.38838719614523
2016-06-08,197.91011964453628,111.5495157746356,276.9518672338952
2016-06-09,184.89789188031665,96.59090625515262,269.98060672126695
2016-06-10,198.69791673985054,117.76885469933421,280.97615366252546
2016-06-11,251.5758708220982,170.91877097265836,330.54178832481733
2016-06-12,206.9825935567177,123.18943284985015,289.2395830464183
2016-06-13,178.9719747410967,88.31782008708872,258.4062057828756
2016-06-14,176.14959206363585,93.3762143674452,259.5903202440418
2016-06-15,199.45291985023803,108.2069311506072,285.14033157550557
2016-06-16,182.6925632549848,104.00974576423508,266.10899138021136
2016-06-17,192.99643907203216,111.47283734400538,277.0185805563099
2016-06-18,242.68768698881416,159.31395176602052,329.56880637689625
2016-06-19,195.26572361421017,116.23497886925978,274.75518404153155
2016-06-20,164.82319505264778,81.29039991547107,251.6913698783922
2016-06-21,159.99393290886016,71.70263763171285,245.72050806067614
2016-06-22,181.7327491171119,103.60615017253487,267.43342778314206
2016-06-23,163.856531208206,71.99740727027384,244.81697333782918
2016-06-24,173.48855963280235,91.42043832817936,258.91649721555183
2016-06-25,222.9368244801484,143.34245925611935,306.12776561904695
2016-06-26,175.67574069490146,88.27016114290066,265.38194630889683
2016-06-27,145.76399795196738,60.01610307803061,234.0992370416258
2016-06-28,141.79362459845484,56.56674183085537,224.8636640059951
2016-06-29,164.6710703964846,76.39545760711295,247.57639354777783
2016-06-30,148.15973463629143,66.21059729804571,235.85284869910635
2016-07-01,159.32582273488825,72.16976524854442,243.94348756098483
2016-07-02,210.41826769889795,123.84735908800184,295.39547956140075
2016-07-03,164.8520732129651,76.32249721640582,244.97471557638673
2016-07-04,136.62777188951077,54.48420361031455,214.89157323259604
2016-07-05,134.28203629731198,53.0411068400803,213.56645879543566
2016-07-06,158.67020762561205,74.66283694514603,243.44321736638116
2016-07-07,143.51013163036052,50.29115141672683,226.24061243535965
2016-07-08,155.82915196153837,71.39518122014071,240.30326352089426
2016-07-09,207.84496898759974,123.65471547730823,289.736011603405
2016-07-10,162.94969810499276,76.94854956871397,244.2911884930271
2016-07-11,135.12980434384988,48.636846140129116,219.82434382164342
2016-07-12,132.9169406474347,54.224302185047776,226.12803208524346
2016-07-13,157.170451151499,70.14621243325703,239.50625533483088
2016-07-14,141.6209323688615,65.94219342914245,227.83765829181408
2016-07-15,153.31671229506054,64.56285248358581,245.0107761981102
2016-07-16,204.50397184790364,122.30984799538956,288.3200165761942
2016-07-17,158.6098648234918,74.3714090984147,239.06275764449973
2016-07-18,129.66134066729765,46.580367129444895,210.00247611418493
2016-07-19,126.23472944556846,39.7273924804075,215.027606075711
2016-07-20,149.23688599392068,65.42030527554495,237.55771249740388
2016-07-21,132.44732446106497,52.34143841432527,222.88343461280283
2016-07-22,142.9632431924988,56.70006163158915,227.45004978172022
2016-07-23,193.07820482109707,116.1797016747592,274.0076372446838
2016-07-24,146.26386762306305,63.397785912616406,234.98796324729778
2016-07-25,116.58751065523077,33.31972890453074,204.04612874556463
2016-07-26,112.66044757481052,29.13682629778627,195.6888488673919
2016-07-27,135.41815797863563,45.859532697228104,217.07936758331482
2016-07-28,118.66159481788276,36.70529589255542,206.08953386063757
2016-07-29,129.501589915736,44.28989174444007,209.69001858506914
2016-07-30,180.2371386919056,96.97561293172424,270.4728595301215
2016-07-31,134.33697011728856,46.41266639887752,220.4010061501691
2016-08-01,105.85714784148432,24.28762926173064,190.46184494938066
2016-08-02,103.38979421868119,21.685466372403145,181.88504883405597
2016-08-03,127.84375638671767,43.941872884618014,222.51461996337056
2016-08-04,112.986657049558,32.5466925492696,192.91121285249386
2016-08-05,125.89023032744669,42.663460053425354,209.57104668125976
2016-08-06,178.80969695719594,93.90175231094894,264.6105123716402
2016-08-07,135.16655365149555,46.42397756604073,221.7740222841616
2016-08-08,108.96748782767301,24.009963683020295,188.28350701535828
2016-08-09,108.75447215177272,26.932863008948626,191.44231087467463
2016-08-10,135.386819270535,54.02530679847513,220.6328118323836
2016-08-11,122.58460018443336,41.57046998954324,208.88882378606124
2016-08-12,137.3752881064357,55.141158105575414,218.4492617987259
2016-08-13,191.9743453230317,107.72865535445233,276.92948750177544
2016-08-14,149.76909388682233,65.09162271144595,231.36906544090246
2016-08-15,124.73855110299573,39.935763087314996,207.51979916596414
2016-08-16,125.40425858669784,36.0219057737838,209.71045540072453
2016-08-17,152.61286489377105,68.62890088863504,234.55545849827845
2016-08-18,140.0798506774816,56.096131413919586,225.64284839803193
2016-08-19,154.83624998466155,72.70060375274373,232.86615123301195
2016-08-20,209.1090834914702,122.74963740316352,295.80622367524916
2016-08-21,166.30484933927352,85.698323894024,256.2499795083645
2016-08-22,140.42876378770657,56.61827570902992,225.5333265976196
2016-08-23,140.03479782078617,56.303166412746876,221.27541500953953
2016-08-24,166.00729268591334,85.30959393779294,247.22062078981412
2016-08-25,152.10357126552495,66.5454346769933,236.4206375251929
2016-08-26,165.39943102991762,79.94103942535006,243.57319720240125
2016-08-27,218.16826978160844,139.34214151822937,302.32505326756683
2016-08-28,173.86322754498394,94.64860538197945,256.9663337115652
2016-08-29,146.5350757201497,65.47341345444165,235.0381950167901
2016-08-30,144.78093865080962,56.12521242537194,232.1959790687013
2016-08-31,169.5246685974672,81.50392074271824,251.96335235053925
2016-09-01,154.5583269447431,71.84124983481672,239.2503672932099
2016-09-02,166.98669020905163,89.46076407402153,254.3093603068336
2016-09-03,219.10556081805026,141.0934850533234,301.0703296479619
2016-09-04,174.38328988835775,85.42284626038442,256.81040174140537
2016-09-05,146.87826141479263,62.75186053232874,231.31365918896972
2016-09-06,145.18743518043829,64.72693424560333,230.54806773361122
2016-09-07,170.22677505135073,93.92806245988848,255.2961996536187
2016-09-08,155.7730144672447,68.20056584867868,244.12947719986707
2016-09-09,168.90866999418702,84.70236012439935,258.1581339500633
2016-09-10,221.90106871694547,137.3356509363432,305.76986595078273
2016-09-11,178.18477637686004,94.34532738580614,262.332541299235
2016-09-12,151.78014977986203,58.622731039594804,236.08333127600238
2016-09-13,151.24308002646035,73.11203080880685,238.83101944228054
2016-09-14,177.4467184585161,91.07109740208257,258.53357961444226
2016-09-15,164.12459931591536,74.49945724614791,251.28692047136636
2016-09-16,178.31703016962837,97.2881667263133,264.379291870183
2016-09-17,232.25147524173178,149.29109731643445,319.99394206320096
2016-09-18,189.3262781483076,107.37370872806464,273.6417964434148
2016-09-19,163.53040866002723,83.34161585945033,249.0573692894625
2016-09-20,163.39426367316008,82.96328238025029,247.16159466867722
2016-09-21,189.77228154853302,108.24593105425446,281.338236588706
2016-09-22,176.38675565988223,92.57371955459611,263.9116895557974
2016-09-23,190.2746954933172,106.90893488509047,268.89289367374465
2016-09-24,243.66844380396185,162.0257823192467,332.133770235663
2016-09-25,199.97938641436707,118.3371046553521,285.6582340412461
2016-09-26,173.2174362880884,91.41282326443704,265.16153717477863
2016-09-27,171.9413262681073,89.96038827890341,254.36632262367124
2016-09-28,197.0404809300285,106.4509811988389,283.46066775967773
2016-09-29,182.2778715521551,105.9822884547943,266.16705752940163
2016-09-30,194.73572712263461,106.64905824324622,285.19081263571434
2016-10-01,246.69484027440953,164.61048961335632,329.5284430676545
2016-10-02,201.61684012727065,116.75294842891589,280.0102059034562
2016-10-03,173.56215315509192,88.1228201140747,251.6204979343342
2016-10-04,171.13872896537583,89.81715224139265,248.86112398407252
2016-10-05,195.28234582364558,109.23549006350302,285.7580158276274
2016-10-06,179.7979449616247,97.47629782529286,261.82931956010606
2016-10-07,191.80391104714926,109.87310505348303,277.33610735072784
2016-10-08,243.61008033987076,155.02281200274888,322.1773323314245
2016-10-09,198.69888812206128,117.44945686108451,280.9507895749367
2016-10-10,171.14241197234796,93.43858376520478,247.31215977270017
2016-10-11,169.55041803402062,89.32433924960482,253.7928952336715
2016-10-12,194.85024928908473,115.30522163865173,276.89724982604474
2016-10-13,180.8280222229861,98.5526419052752,268.411059999744
2016-10-14,194.57305921265055,109.83516064421661,278.3678455573757
2016-10-15,248.35634035187132,162.29366052474097,329.26264364367796
2016-10-16,205.61238056374663,124.79904810201944,287.22113195083733
2016-10-17,180.35727494733248,95.51859195634592,271.6396167037607
2016-10-18,181.13799827678835,95.59020270261551,263.11539826968857
2016-10-19,208.81376926826542,127.31587298423749,297.9416433785262
2016-10-20,197.09891113312466,113.60556373064195,278.51400037013417
2016-10-21,213.00909523326277,128.23308579697854,296.4645033394707
2016-10-22,268.7417064080463,187.6311818238492,351.7596634485607
2016-10-23,227.65968717924895,142.34023997643925,309.47694507276685
2016-10-24,203.71155289009837,123.07740868610865,283.26173784658846
2016-10-25,205.38261186514862,121.7355550684272,286.8957897418951
2016-10-26,233.47814979740033,148.2453183646036,318.2266889913911
2016-10-27,221.6679602443981,138.69970375576284,305.3006595799319
2016-10-28,236.93406151000923,154.9192892873062,327.7430580734845
2016-10-29,291.45229629592785,208.73362639498686,377.7982606310759
